INSERT INTO JOB_TITLE(NAME_VALUE) VALUES ('ANALISTA/PROGRAMADOR'); -- 1
INSERT INTO JOB_TITLE(NAME_VALUE) VALUES ('ARQUITECTO DE SOFTWARE'); -- 2
INSERT INTO JOB_TITLE(NAME_VALUE) VALUES ('TESTER'); -- 3
INSERT INTO JOB_TITLE(NAME_VALUE) VALUES ('PRODUCT OWNER'); -- 4
INSERT INTO JOB_TITLE(NAME_VALUE) VALUES ('DISEÑADOR UX/UI'); -- 5
INSERT INTO JOB_TITLE(NAME_VALUE) VALUES ('FEATURE ENGINEER'); -- 6
INSERT INTO JOB_TITLE(NAME_VALUE) VALUES ('CUSTOMER JOURNEY EXPERT'); -- 7
INSERT INTO JOB_TITLE(NAME_VALUE) VALUES ('DISEÑADOR DE PROCESOS'); -- 8
INSERT INTO JOB_TITLE(NAME_VALUE) VALUES ('ESTUDIANTE DE GRADO'); -- 9
INSERT INTO JOB_TITLE(NAME_VALUE) VALUES ('PRÁCTICAS DE EMPRESA'); -- 10
INSERT INTO JOB_TITLE(NAME_VALUE) VALUES ('PROGRAMADOR'); -- 11
INSERT INTO JOB_TITLE(NAME_VALUE) VALUES ('DEVOPS'); -- 12

INSERT INTO COMPANY(NAME_VALUE) VALUES ('SOPRA STERIA'); -- 1
INSERT INTO COMPANY(NAME_VALUE) VALUES ('ARQUIMEA INGENIERÍA'); -- 2
INSERT INTO COMPANY(NAME_VALUE) VALUES ('BABEL'); -- 3
INSERT INTO COMPANY(NAME_VALUE) VALUES ('COGNIZANT'); -- 4
INSERT INTO COMPANY(NAME_VALUE) VALUES ('HCL'); -- 5
INSERT INTO COMPANY(NAME_VALUE) VALUES ('EVERIS'); -- 6
INSERT INTO COMPANY(NAME_VALUE) VALUES ('PARADIGMA DIGITAL'); -- 7
INSERT INTO COMPANY(NAME_VALUE) VALUES ('INDRA'); -- 8
INSERT INTO COMPANY(NAME_VALUE) VALUES ('ACCENTURE'); -- 9
INSERT INTO COMPANY(NAME_VALUE) VALUES ('ATOS'); -- 10
INSERT INTO COMPANY(NAME_VALUE) VALUES ('IBERMATICA'); -- 11
INSERT INTO COMPANY(NAME_VALUE) VALUES ('BBVA'); -- 12
INSERT INTO COMPANY(NAME_VALUE) VALUES ('SANTANDER'); -- 13
INSERT INTO COMPANY(NAME_VALUE) VALUES ('ING'); -- 14
INSERT INTO COMPANY(NAME_VALUE) VALUES ('BANKIA'); -- 15
INSERT INTO COMPANY(NAME_VALUE) VALUES ('UNIVERSIDAD REY JUAN CARLOS'); -- 16
INSERT INTO COMPANY(NAME_VALUE) VALUES ('UNIVERSIDAD CARLOS III'); -- 17

INSERT INTO TECHNOLOGY(NAME_VALUE) VALUES ('JAVA'); -- 1
INSERT INTO TECHNOLOGY(NAME_VALUE) VALUES ('JAVASCRIPT'); -- 2
INSERT INTO TECHNOLOGY(NAME_VALUE) VALUES ('SPRING'); -- 3
INSERT INTO TECHNOLOGY(NAME_VALUE) VALUES ('ANGULAR'); -- 4
INSERT INTO TECHNOLOGY(NAME_VALUE) VALUES ('SPRING BOOT'); -- 5
INSERT INTO TECHNOLOGY(NAME_VALUE) VALUES ('MICROSOFT AZURE'); -- 6
INSERT INTO TECHNOLOGY(NAME_VALUE) VALUES ('OPENSHIFT'); -- 7
INSERT INTO TECHNOLOGY(NAME_VALUE) VALUES ('JAVA 11'); -- 8
INSERT INTO TECHNOLOGY(NAME_VALUE) VALUES ('PHP'); -- 9
INSERT INTO TECHNOLOGY(NAME_VALUE) VALUES ('REACT'); -- 10
INSERT INTO TECHNOLOGY(NAME_VALUE) VALUES ('VUE JS'); -- 11
INSERT INTO TECHNOLOGY(NAME_VALUE) VALUES ('JQUERY'); -- 12
INSERT INTO TECHNOLOGY(NAME_VALUE) VALUES ('GO'); -- 13
INSERT INTO TECHNOLOGY(NAME_VALUE) VALUES ('C'); -- 14
INSERT INTO TECHNOLOGY(NAME_VALUE) VALUES ('C++'); -- 15
INSERT INTO TECHNOLOGY(NAME_VALUE) VALUES ('C#'); -- 16
INSERT INTO TECHNOLOGY(NAME_VALUE) VALUES ('SYMFONY'); -- 17
INSERT INTO TECHNOLOGY(NAME_VALUE) VALUES ('PYTHON'); -- 18
INSERT INTO TECHNOLOGY(NAME_VALUE) VALUES ('DJANGO'); -- 19
INSERT INTO TECHNOLOGY(NAME_VALUE) VALUES ('METEOR'); -- 20
INSERT INTO TECHNOLOGY(NAME_VALUE) VALUES ('NODE'); -- 21
INSERT INTO TECHNOLOGY(NAME_VALUE) VALUES ('DOCKER'); -- 21

-- User 1 - Exp 1
INSERT INTO WORK_EXPERIENCE (
    ID_WORK_EXPERIENCE,
    CREATED_AT,
    USER_ID,
    BINDING,
    ID_JOB_TITLE,
    VISIBILITY_JOB_TITLE,
    ID_COMPANY,
    VISIBILITY_COMPANY,
    VISIBILITY_TECHNOLOGIES,
    START_DATE,
    END_DATE,
    VISIBILITY_WORK_PERIOD,
    SALARY,
    CURRENCY,
    VISIBILITY_SALARY
) VALUES (
    '4C714C8E9D5F11EBA8B30242AC130003',
    current_timestamp,
    '5689851',
    true,
    9,
    true,
    16,
    true,
    false,
    TO_DATE('01/08/2008', 'DD/MM/YYYY'),
    null,
    false,
    0,
    'EUR',
    true
);
INSERT INTO WORK_EXPERIENCE_TECHNOLOGY (ID_WORK_EXPERIENCE, ID_TECHNOLOGY) VALUES
('4C714C8E9D5F11EBA8B30242AC130003', 12);
INSERT INTO WORK_EXPERIENCE_TECHNOLOGY (ID_WORK_EXPERIENCE, ID_TECHNOLOGY) VALUES
('4C714C8E9D5F11EBA8B30242AC130003', 14);
INSERT INTO WORK_EXPERIENCE_TECHNOLOGY (ID_WORK_EXPERIENCE, ID_TECHNOLOGY) VALUES
('4C714C8E9D5F11EBA8B30242AC130003', 18);
INSERT INTO WORK_EXPERIENCE_TECHNOLOGY (ID_WORK_EXPERIENCE, ID_TECHNOLOGY) VALUES
('4C714C8E9D5F11EBA8B30242AC130003', 19);
INSERT INTO WORK_EXPERIENCE_TECHNOLOGY (ID_WORK_EXPERIENCE, ID_TECHNOLOGY) VALUES
('4C714C8E9D5F11EBA8B30242AC130003', 20);
INSERT INTO WORK_EXPERIENCE_TECHNOLOGY (ID_WORK_EXPERIENCE, ID_TECHNOLOGY) VALUES
('4C714C8E9D5F11EBA8B30242AC130003', 21);

-- User 1 - Exp 2
INSERT INTO WORK_EXPERIENCE (
    ID_WORK_EXPERIENCE,
    CREATED_AT,
    USER_ID,
    BINDING,
    ID_JOB_TITLE,
    VISIBILITY_JOB_TITLE,
    ID_COMPANY,
    VISIBILITY_COMPANY,
    VISIBILITY_TECHNOLOGIES,
    START_DATE,
    END_DATE,
    VISIBILITY_WORK_PERIOD,
    SALARY,
    CURRENCY,
    VISIBILITY_SALARY
) VALUES (
    'A9F72E48AE4C11EB85290242AC130003',
    current_timestamp,
    '5689851',
    true,
    10,
    true,
    2,
    true,
    true,
    TO_DATE('01/07/2014', 'DD/MM/YYYY'),
    TO_DATE('01/03/2015', 'DD/MM/YYYY'),
    true,
    9600,
    'EUR',
    true
);
INSERT INTO WORK_EXPERIENCE_TECHNOLOGY (ID_WORK_EXPERIENCE, ID_TECHNOLOGY) VALUES
('A9F72E48AE4C11EB85290242AC130003', 1);
INSERT INTO WORK_EXPERIENCE_TECHNOLOGY (ID_WORK_EXPERIENCE, ID_TECHNOLOGY) VALUES
('A9F72E48AE4C11EB85290242AC130003', 2);
INSERT INTO WORK_EXPERIENCE_TECHNOLOGY (ID_WORK_EXPERIENCE, ID_TECHNOLOGY) VALUES
('A9F72E48AE4C11EB85290242AC130003', 3);
INSERT INTO WORK_EXPERIENCE_TECHNOLOGY (ID_WORK_EXPERIENCE, ID_TECHNOLOGY) VALUES
('A9F72E48AE4C11EB85290242AC130003', 4);
INSERT INTO WORK_EXPERIENCE_TECHNOLOGY (ID_WORK_EXPERIENCE, ID_TECHNOLOGY) VALUES
('A9F72E48AE4C11EB85290242AC130003', 12);

-- User 1 - Exp 3
INSERT INTO WORK_EXPERIENCE (
    ID_WORK_EXPERIENCE,
    CREATED_AT,
    USER_ID,
    BINDING,
    ID_JOB_TITLE,
    VISIBILITY_JOB_TITLE,
    ID_COMPANY,
    VISIBILITY_COMPANY,
    VISIBILITY_TECHNOLOGIES,
    START_DATE,
    END_DATE,
    VISIBILITY_WORK_PERIOD,
    SALARY,
    CURRENCY,
    VISIBILITY_SALARY
) VALUES (
    '60219D70AE4D11EB85290242AC130003',
    current_timestamp,
    '5689851',
    true,
    11,
    true,
    2,
    true,
    true,
    TO_DATE('01/03/2015', 'DD/MM/YYYY'),
    TO_DATE('01/07/2017', 'DD/MM/YYYY'),
    true,
    11000,
    'EUR',
    false
);
INSERT INTO WORK_EXPERIENCE_TECHNOLOGY (ID_WORK_EXPERIENCE, ID_TECHNOLOGY) VALUES
('60219D70AE4D11EB85290242AC130003', 1);
INSERT INTO WORK_EXPERIENCE_TECHNOLOGY (ID_WORK_EXPERIENCE, ID_TECHNOLOGY) VALUES
('60219D70AE4D11EB85290242AC130003', 2);
INSERT INTO WORK_EXPERIENCE_TECHNOLOGY (ID_WORK_EXPERIENCE, ID_TECHNOLOGY) VALUES
('60219D70AE4D11EB85290242AC130003', 3);
INSERT INTO WORK_EXPERIENCE_TECHNOLOGY (ID_WORK_EXPERIENCE, ID_TECHNOLOGY) VALUES
('60219D70AE4D11EB85290242AC130003', 4);
INSERT INTO WORK_EXPERIENCE_TECHNOLOGY (ID_WORK_EXPERIENCE, ID_TECHNOLOGY) VALUES
('60219D70AE4D11EB85290242AC130003', 12);

-- User 1 - Exp 4
INSERT INTO WORK_EXPERIENCE (
    ID_WORK_EXPERIENCE,
    CREATED_AT,
    USER_ID,
    BINDING,
    ID_JOB_TITLE,
    VISIBILITY_JOB_TITLE,
    ID_COMPANY,
    VISIBILITY_COMPANY,
    VISIBILITY_TECHNOLOGIES,
    START_DATE,
    END_DATE,
    VISIBILITY_WORK_PERIOD,
    SALARY,
    CURRENCY,
    VISIBILITY_SALARY
) VALUES (
    '84E738C2AE4D11EB85290242AC130003',
    current_timestamp,
    '5689851',
    true,
    1,
    true,
    1,
    true,
    true,
    TO_DATE('01/02/2018', 'DD/MM/YYYY'),
    TO_DATE('01/01/2021', 'DD/MM/YYYY'),
    true,
    34000,
    'EUR',
    false
);
INSERT INTO WORK_EXPERIENCE_TECHNOLOGY (ID_WORK_EXPERIENCE, ID_TECHNOLOGY) VALUES
('84E738C2AE4D11EB85290242AC130003', 5);
INSERT INTO WORK_EXPERIENCE_TECHNOLOGY (ID_WORK_EXPERIENCE, ID_TECHNOLOGY) VALUES
('84E738C2AE4D11EB85290242AC130003', 8);

-- User 1 - Exp 5
INSERT INTO WORK_EXPERIENCE (
    ID_WORK_EXPERIENCE,
    CREATED_AT,
    USER_ID,
    BINDING,
    ID_JOB_TITLE,
    VISIBILITY_JOB_TITLE,
    ID_COMPANY,
    VISIBILITY_COMPANY,
    VISIBILITY_TECHNOLOGIES,
    START_DATE,
    END_DATE,
    VISIBILITY_WORK_PERIOD,
    SALARY,
    CURRENCY,
    VISIBILITY_SALARY
) VALUES (
    '050C74CCAE4E11EB85290242AC130003',
    current_timestamp,
    '5689851',
    false,
    1,
    true,
    14,
    true,
    false,
    TO_DATE('01/01/2021', 'DD/MM/YYYY'),
    null,
    false,
    34000,
    'EUR',
    false
);
INSERT INTO WORK_EXPERIENCE_TECHNOLOGY (ID_WORK_EXPERIENCE, ID_TECHNOLOGY) VALUES
('050C74CCAE4E11EB85290242AC130003', 5);
INSERT INTO WORK_EXPERIENCE_TECHNOLOGY (ID_WORK_EXPERIENCE, ID_TECHNOLOGY) VALUES
('050C74CCAE4E11EB85290242AC130003', 8);
INSERT INTO WORK_EXPERIENCE_TECHNOLOGY (ID_WORK_EXPERIENCE, ID_TECHNOLOGY) VALUES
('050C74CCAE4E11EB85290242AC130003', 6);
INSERT INTO WORK_EXPERIENCE_TECHNOLOGY (ID_WORK_EXPERIENCE, ID_TECHNOLOGY) VALUES
('050C74CCAE4E11EB85290242AC130003', 7);
INSERT INTO WORK_EXPERIENCE_TECHNOLOGY (ID_WORK_EXPERIENCE, ID_TECHNOLOGY) VALUES
('050C74CCAE4E11EB85290242AC130003', 21);



-- User 2 - Exp 1
INSERT INTO WORK_EXPERIENCE (
    ID_WORK_EXPERIENCE,
    CREATED_AT,
    USER_ID,
    BINDING,
    ID_JOB_TITLE,
    VISIBILITY_JOB_TITLE,
    ID_COMPANY,
    VISIBILITY_COMPANY,
    VISIBILITY_TECHNOLOGIES,
    START_DATE,
    END_DATE,
    VISIBILITY_WORK_PERIOD,
    SALARY,
    CURRENCY,
    VISIBILITY_SALARY
) VALUES (
    '9E10B476AE4E11EB85290242AC130003',
    current_timestamp,
    '19934271',
    true,
    9,
    true,
    17,
    true,
    false,
    TO_DATE('01/08/2008', 'DD/MM/YYYY'),
    null,
    false,
    0,
    'EUR',
    true
);
INSERT INTO WORK_EXPERIENCE_TECHNOLOGY (ID_WORK_EXPERIENCE, ID_TECHNOLOGY) VALUES
('9E10B476AE4E11EB85290242AC130003', 12);
INSERT INTO WORK_EXPERIENCE_TECHNOLOGY (ID_WORK_EXPERIENCE, ID_TECHNOLOGY) VALUES
('9E10B476AE4E11EB85290242AC130003', 14);
INSERT INTO WORK_EXPERIENCE_TECHNOLOGY (ID_WORK_EXPERIENCE, ID_TECHNOLOGY) VALUES
('9E10B476AE4E11EB85290242AC130003', 18);
INSERT INTO WORK_EXPERIENCE_TECHNOLOGY (ID_WORK_EXPERIENCE, ID_TECHNOLOGY) VALUES
('9E10B476AE4E11EB85290242AC130003', 19);
INSERT INTO WORK_EXPERIENCE_TECHNOLOGY (ID_WORK_EXPERIENCE, ID_TECHNOLOGY) VALUES
('9E10B476AE4E11EB85290242AC130003', 20);
INSERT INTO WORK_EXPERIENCE_TECHNOLOGY (ID_WORK_EXPERIENCE, ID_TECHNOLOGY) VALUES
('9E10B476AE4E11EB85290242AC130003', 21);


-- User 2 - Exp 2
INSERT INTO WORK_EXPERIENCE (
    ID_WORK_EXPERIENCE,
    CREATED_AT,
    USER_ID,
    BINDING,
    ID_JOB_TITLE,
    VISIBILITY_JOB_TITLE,
    ID_COMPANY,
    VISIBILITY_COMPANY,
    VISIBILITY_TECHNOLOGIES,
    START_DATE,
    END_DATE,
    VISIBILITY_WORK_PERIOD,
    SALARY,
    CURRENCY,
    VISIBILITY_SALARY
) VALUES (
    '9E10B6A6AE4E11EB85290242AC130003',
    current_timestamp,
    '19934271',
    true,
    10,
    true,
    6,
    true,
    true,
    TO_DATE('01/07/2014', 'DD/MM/YYYY'),
    TO_DATE('01/03/2015', 'DD/MM/YYYY'),
    true,
    9600,
    'EUR',
    true
);
INSERT INTO WORK_EXPERIENCE_TECHNOLOGY (ID_WORK_EXPERIENCE, ID_TECHNOLOGY) VALUES
('9E10B6A6AE4E11EB85290242AC130003', 1);
INSERT INTO WORK_EXPERIENCE_TECHNOLOGY (ID_WORK_EXPERIENCE, ID_TECHNOLOGY) VALUES
('9E10B6A6AE4E11EB85290242AC130003', 2);
INSERT INTO WORK_EXPERIENCE_TECHNOLOGY (ID_WORK_EXPERIENCE, ID_TECHNOLOGY) VALUES
('9E10B6A6AE4E11EB85290242AC130003', 3);
INSERT INTO WORK_EXPERIENCE_TECHNOLOGY (ID_WORK_EXPERIENCE, ID_TECHNOLOGY) VALUES
('9E10B6A6AE4E11EB85290242AC130003', 4);
INSERT INTO WORK_EXPERIENCE_TECHNOLOGY (ID_WORK_EXPERIENCE, ID_TECHNOLOGY) VALUES
('9E10B6A6AE4E11EB85290242AC130003', 12);


-- User 2 - Exp 3
INSERT INTO WORK_EXPERIENCE (
    ID_WORK_EXPERIENCE,
    CREATED_AT,
    USER_ID,
    BINDING,
    ID_JOB_TITLE,
    VISIBILITY_JOB_TITLE,
    ID_COMPANY,
    VISIBILITY_COMPANY,
    VISIBILITY_TECHNOLOGIES,
    START_DATE,
    END_DATE,
    VISIBILITY_WORK_PERIOD,
    SALARY,
    CURRENCY,
    VISIBILITY_SALARY
) VALUES (
    '9E10B926AE4E11EB85290242AC130003',
    current_timestamp,
    '19934271',
    true,
    11,
    true,
    6,
    true,
    true,
    TO_DATE('01/03/2015', 'DD/MM/YYYY'),
    TO_DATE('01/07/2017', 'DD/MM/YYYY'),
    true,
    11000,
    'EUR',
    false
);
INSERT INTO WORK_EXPERIENCE_TECHNOLOGY (ID_WORK_EXPERIENCE, ID_TECHNOLOGY) VALUES
('9E10B926AE4E11EB85290242AC130003', 1);
INSERT INTO WORK_EXPERIENCE_TECHNOLOGY (ID_WORK_EXPERIENCE, ID_TECHNOLOGY) VALUES
('9E10B926AE4E11EB85290242AC130003', 2);
INSERT INTO WORK_EXPERIENCE_TECHNOLOGY (ID_WORK_EXPERIENCE, ID_TECHNOLOGY) VALUES
('9E10B926AE4E11EB85290242AC130003', 3);
INSERT INTO WORK_EXPERIENCE_TECHNOLOGY (ID_WORK_EXPERIENCE, ID_TECHNOLOGY) VALUES
('9E10B926AE4E11EB85290242AC130003', 4);
INSERT INTO WORK_EXPERIENCE_TECHNOLOGY (ID_WORK_EXPERIENCE, ID_TECHNOLOGY) VALUES
('9E10B926AE4E11EB85290242AC130003', 12);


-- User 2 - Exp 4
INSERT INTO WORK_EXPERIENCE (
    ID_WORK_EXPERIENCE,
    CREATED_AT,
    USER_ID,
    BINDING,
    ID_JOB_TITLE,
    VISIBILITY_JOB_TITLE,
    ID_COMPANY,
    VISIBILITY_COMPANY,
    VISIBILITY_TECHNOLOGIES,
    START_DATE,
    END_DATE,
    VISIBILITY_WORK_PERIOD,
    SALARY,
    CURRENCY,
    VISIBILITY_SALARY
) VALUES (
    '9E10B9F8AE4E11EB85290242AC130003',
    current_timestamp,
    '19934271',
    true,
    1,
    true,
    3,
    true,
    true,
    TO_DATE('01/02/2018', 'DD/MM/YYYY'),
    TO_DATE('01/01/2021', 'DD/MM/YYYY'),
    true,
    34000,
    'EUR',
    false
);
INSERT INTO WORK_EXPERIENCE_TECHNOLOGY (ID_WORK_EXPERIENCE, ID_TECHNOLOGY) VALUES
('9E10B9F8AE4E11EB85290242AC130003', 5);
INSERT INTO WORK_EXPERIENCE_TECHNOLOGY (ID_WORK_EXPERIENCE, ID_TECHNOLOGY) VALUES
('9E10B9F8AE4E11EB85290242AC130003', 8);


-- User 2 - Exp 5
INSERT INTO WORK_EXPERIENCE (
    ID_WORK_EXPERIENCE,
    CREATED_AT,
    USER_ID,
    BINDING,
    ID_JOB_TITLE,
    VISIBILITY_JOB_TITLE,
    ID_COMPANY,
    VISIBILITY_COMPANY,
    VISIBILITY_TECHNOLOGIES,
    START_DATE,
    END_DATE,
    VISIBILITY_WORK_PERIOD,
    SALARY,
    CURRENCY,
    VISIBILITY_SALARY
) VALUES (
    '9E10BAB6AE4E11EB85290242AC130003',
    current_timestamp,
    '19934271',
    false,
    1,
    true,
    12,
    true,
    false,
    TO_DATE('01/01/2021', 'DD/MM/YYYY'),
    null,
    false,
    34000,
    'EUR',
    false
);
INSERT INTO WORK_EXPERIENCE_TECHNOLOGY (ID_WORK_EXPERIENCE, ID_TECHNOLOGY) VALUES
('9E10BAB6AE4E11EB85290242AC130003', 5);
INSERT INTO WORK_EXPERIENCE_TECHNOLOGY (ID_WORK_EXPERIENCE, ID_TECHNOLOGY) VALUES
('9E10BAB6AE4E11EB85290242AC130003', 8);
INSERT INTO WORK_EXPERIENCE_TECHNOLOGY (ID_WORK_EXPERIENCE, ID_TECHNOLOGY) VALUES
('9E10BAB6AE4E11EB85290242AC130003', 6);
INSERT INTO WORK_EXPERIENCE_TECHNOLOGY (ID_WORK_EXPERIENCE, ID_TECHNOLOGY) VALUES
('9E10BAB6AE4E11EB85290242AC130003', 7);
INSERT INTO WORK_EXPERIENCE_TECHNOLOGY (ID_WORK_EXPERIENCE, ID_TECHNOLOGY) VALUES
('9E10BAB6AE4E11EB85290242AC130003', 21);


-- User 2 - Exp 6
INSERT INTO WORK_EXPERIENCE (
    ID_WORK_EXPERIENCE,
    CREATED_AT,
    USER_ID,
    BINDING,
    ID_JOB_TITLE,
    VISIBILITY_JOB_TITLE,
    ID_COMPANY,
    VISIBILITY_COMPANY,
    VISIBILITY_TECHNOLOGIES,
    START_DATE,
    END_DATE,
    VISIBILITY_WORK_PERIOD,
    SALARY,
    CURRENCY,
    VISIBILITY_SALARY
) VALUES (
    'C6B635F4AE5311EB85290242AC130003',
    current_timestamp,
    '19934271',
    false,
    1,
    false,
    15,
    false,
    true,
    TO_DATE('01/01/2020', 'DD/MM/YYYY'),
    null,
    true,
    50000,
    'EUR',
    true
);
INSERT INTO WORK_EXPERIENCE_TECHNOLOGY (ID_WORK_EXPERIENCE, ID_TECHNOLOGY) VALUES
('C6B635F4AE5311EB85290242AC130003', 18);
INSERT INTO WORK_EXPERIENCE_TECHNOLOGY (ID_WORK_EXPERIENCE, ID_TECHNOLOGY) VALUES
('C6B635F4AE5311EB85290242AC130003', 19);




